{
  "Main_Power": {
    "isOnline": false,
    "LastOnline": 1715841965470,
    "LastOnlineAgo": "140day ago",
    "Voltage": {
      "Battery_Voltage": "15.90",
      "PSU_Voltage": "13.17",
      "Output_Voltage": "15.42",
      "UnitVoltage": "V"
    },
    "State": {
      "Battery": "Charging",
      "PSU": "Connected",
      "Output": "On"
    },
    "Temperature": {
      "Battery_Temperature": -127,
      "Battery_TemperatureF": -196.6,
      "PSU_Temperature": -127,
      "PSU_TemperatureF": -196.6,
      "Box_Temperature": 0,
      "Box_Humidity": 0,
      "UnitTemperatureF": "F",
      "UnitTemperature": "C",
      "UnitHumidity": "%"
    },
    "Fan_1": {
      "isTurnOn": true,
      "Speed": 100,
      "Analog": 255,
      "UnitSpeed": "%"
    },
    "Fan_2": {
      "isTurnOn": true,
      "Speed": 100,
      "Analog": 255,
      "UnitSpeed": "%"
    }
  },
  "Locker": [
    {
      "Alias": "Locker_1",
      "Name": "Locker 1",
      "UUID": "005551",
      "Status": "Locked",
      "isOpen": true,
      "sensOpen": true,
      "isOnline": false,
      "LastOnline": 1727960165357,
      "LastOnlineAgo": "2minute ago",
      "Temperature": 0,
      "Humidity": 0,
      "PilotLamp_Red": "Off",
      "PilotLamp_Green": "On",
      "Solenoid": "Off",
      "UnitTemperature": "C",
      "UnitHumidity": "%"
    },
    {
      "Alias": "Locker_2",
      "Name": "Locker 2",
      "UUID": "005552",
      "Status": "Unlocked",
      "isOpen": true,
      "sensOpen": false,
      "isOnline": false,
      "LastOnline": 1715841968852,
      "LastOnlineAgo": "140day ago",
      "Temperature": 0,
      "Humidity": 0,
      "PilotLamp_Red": "Off",
      "PilotLamp_Green": "On",
      "Solenoid": "On",
      "UnitTemperature": "C",
      "UnitHumidity": "%"
    },
    {
      "Alias": "Locker_3",
      "Name": "Locker 3",
      "UUID": "005553",
      "Status": "Locked",
      "isOpen": true,
      "sensOpen": false,
      "isOnline": false,
      "LastOnline": 1715841972439,
      "LastOnlineAgo": "140day ago",
      "Temperature": 0,
      "Humidity": 0,
      "PilotLamp_Red": "Off",
      "PilotLamp_Green": "On",
      "Solenoid": "Off",
      "UnitTemperature": "C",
      "UnitHumidity": "%"
    },
    {
      "Alias": "Locker_4",
      "Name": "Locker 4",
      "UUID": "005554",
      "Status": "Unlocked",
      "isOpen": true,
      "sensOpen": false,
      "isOnline": false,
      "LastOnline": 1715841970792,
      "LastOnlineAgo": "140day ago",
      "Temperature": 0,
      "Humidity": 0,
      "PilotLamp_Red": "Off",
      "PilotLamp_Green": "On",
      "Solenoid": "On",
      "UnitTemperature": "C",
      "UnitHumidity": "%"
    },
    {
      "Alias": "Locker_5",
      "Name": "Locker 5",
      "UUID": "005555",
      "Status": "Locked",
      "isOpen": false,
      "sensOpen": true,
      "isOnline": false,
      "LastOnline": 1715841968305,
      "LastOnlineAgo": "140day ago",
      "Temperature": 0,
      "Humidity": 0,
      "PilotLamp_Red": "Off",
      "PilotLamp_Green": "On",
      "Solenoid": "Off",
      "UnitTemperature": "C",
      "UnitHumidity": "%"
    },
    {
      "Alias": "Locker_6",
      "Name": "Locker 6",
      "UUID": "005556",
      "Status": "Unlocked",
      "isOpen": true,
      "sensOpen": false,
      "isOnline": false,
      "LastOnline": 1715841968220,
      "LastOnlineAgo": "140day ago",
      "Temperature": 0,
      "Humidity": 0,
      "PilotLamp_Red": "Off",
      "PilotLamp_Green": "On",
      "Solenoid": "On",
      "UnitTemperature": "C",
      "UnitHumidity": "%"
    },
    {
      "Alias": "Locker_7",
      "Name": "Locker 7",
      "UUID": "005557",
      "Status": "Locked",
      "isOpen": false,
      "sensOpen": true,
      "isOnline": false,
      "LastOnline": 1715841971217,
      "LastOnlineAgo": "140day ago",
      "Temperature": 0,
      "Humidity": 0,
      "PilotLamp_Red": "Off",
      "PilotLamp_Green": "On",
      "Solenoid": "Off",
      "UnitTemperature": "C",
      "UnitHumidity": "%"
    },
    {
      "Alias": "Locker_8",
      "Name": "Locker 8",
      "UUID": "005558",
      "Status": "Unlocked",
      "isOpen": true,
      "sensOpen": false,
      "isOnline": false,
      "LastOnline": 1715841968266,
      "LastOnlineAgo": "140day ago",
      "Temperature": 0,
      "Humidity": 0,
      "PilotLamp_Red": "Off",
      "PilotLamp_Green": "On",
      "Solenoid": "On",
      "UnitTemperature": "C",
      "UnitHumidity": "%"
    },
    {
      "Alias": "Locker_9",
      "Name": "Locker 9",
      "UUID": "005559",
      "Status": "Locked",
      "isOpen": true,
      "sensOpen": false,
      "isOnline": false,
      "LastOnline": 1715841970906,
      "LastOnlineAgo": "140day ago",
      "Temperature": 0,
      "Humidity": 0,
      "PilotLamp_Red": "Off",
      "PilotLamp_Green": "On",
      "Solenoid": "Off",
      "UnitTemperature": "C",
      "UnitHumidity": "%"
    },
    {
      "Alias": "Locker_10",
      "Name": "Locker 10",
      "UUID": "005560",
      "Status": "Unlocked",
      "isOpen": true,
      "sensOpen": true,
      "isOnline": false,
      "LastOnline": 1715841967239,
      "LastOnlineAgo": "140day ago",
      "Temperature": 25,
      "Humidity": 50,
      "PilotLamp_Red": "Off",
      "PilotLamp_Green": "On",
      "Solenoid": "On",
      "UnitTemperature": "C",
      "UnitHumidity": "%"
    }
  ]
}